IndicatorCode,SpatialDimension,SpatialDimensionValueCode,TimeDimension,TimeDim,Value,NumericValue,Date,TimeDimensionValue,TimeDimensionBegin,TimeDimensionEnd,Title,ParentDimension,ParentCode,ParentTitle
MALARIA_IPTP3_COVERAGE,COUNTRY,AGO,YEAR,2020,15.0,0.1497,2022-03-02T14:06:57Z,2020,01-01-20,31-12-20,Angola,REGION,AFR,Africa
MALARIA_IPTP3_COVERAGE,COUNTRY,AGO,YEAR,2019,16.2,0.16161,2022-03-02T14:06:57Z,2019,01-01-19,31-12-19,Angola,REGION,AFR,Africa
MALARIA_IPTP3_COVERAGE,COUNTRY,AGO,YEAR,2018,13.4,0.13417,2022-03-02T14:06:57Z,2018,01-01-18,31-12-18,Angola,REGION,AFR,Africa
MALARIA_IPTP3_COVERAGE,COUNTRY,AGO,YEAR,2017,8.6,0.08607999999999999,2022-03-02T14:06:57Z,2017,01-01-17,31-12-17,Angola,REGION,AFR,Africa
MALARIA_IPTP3_COVERAGE,COUNTRY,AGO,YEAR,2016,7.0,0.07024,2022-03-02T14:06:57Z,2016,01-01-16,31-12-16,Angola,REGION,AFR,Africa
MALARIA_IPTP3_COVERAGE,COUNTRY,AGO,YEAR,2015,12.9,0.12875,2022-03-02T14:06:57Z,2015,01-01-15,31-12-15,Angola,REGION,AFR,Africa
MALARIA_IPTP3_COVERAGE,COUNTRY,AGO,YEAR,2014,4.6,0.046360000000000005,2022-03-02T14:06:57Z,2014,01-01-14,31-12-14,Angola,REGION,AFR,Africa
MALARIA_IPTP3_COVERAGE,COUNTRY,AGO,YEAR,2013,0.0,0.0,2022-03-02T14:06:57Z,2013,01-01-13,31-12-13,Angola,REGION,AFR,Africa
MALARIA_IPTP3_COVERAGE,COUNTRY,AGO,YEAR,2012,0.0,0.0,2022-03-02T14:06:57Z,2012,01-01-12,31-12-12,Angola,REGION,AFR,Africa
MALARIA_IPTP3_COVERAGE,COUNTRY,AGO,YEAR,2011,0.0,0.0,2022-03-02T14:06:57Z,2011,01-01-11,31-12-11,Angola,REGION,AFR,Africa
MALARIA_IPTP3_COVERAGE,COUNTRY,AGO,YEAR,2010,0.0,0.0,2022-03-02T14:06:57Z,2010,01-01-10,31-12-10,Angola,REGION,AFR,Africa
MALARIA_IPTP3_COVERAGE,COUNTRY,BDI,YEAR,2020,44.5,0.44498000000000004,2022-03-02T14:06:57Z,2020,01-01-20,31-12-20,Burundi,REGION,AFR,Africa
MALARIA_IPTP3_COVERAGE,COUNTRY,BDI,YEAR,2019,64.6,0.6460100000000001,2022-03-02T14:06:57Z,2019,01-01-19,31-12-19,Burundi,REGION,AFR,Africa
MALARIA_IPTP3_COVERAGE,COUNTRY,BDI,YEAR,2018,60.2,0.6023,2022-03-02T14:06:57Z,2018,01-01-18,31-12-18,Burundi,REGION,AFR,Africa
MALARIA_IPTP3_COVERAGE,COUNTRY,BDI,YEAR,2017,52.6,0.52608,2022-03-02T14:06:57Z,2017,01-01-17,31-12-17,Burundi,REGION,AFR,Africa
MALARIA_IPTP3_COVERAGE,COUNTRY,BDI,YEAR,2016,47.2,0.47153,2022-03-02T14:06:57Z,2016,01-01-16,31-12-16,Burundi,REGION,AFR,Africa
MALARIA_IPTP3_COVERAGE,COUNTRY,BDI,YEAR,2015,41.2,0.41157,2022-03-02T14:06:57Z,2015,01-01-15,31-12-15,Burundi,REGION,AFR,Africa
MALARIA_IPTP3_COVERAGE,COUNTRY,BDI,YEAR,2014,35.2,0.3516,2022-03-02T14:06:57Z,2014,01-01-14,31-12-14,Burundi,REGION,AFR,Africa
MALARIA_IPTP3_COVERAGE,COUNTRY,BDI,YEAR,2013,0.0,0.0,2022-03-02T14:06:57Z,2013,01-01-13,31-12-13,Burundi,REGION,AFR,Africa
MALARIA_IPTP3_COVERAGE,COUNTRY,BDI,YEAR,2012,0.0,0.0,2022-03-02T14:06:57Z,2012,01-01-12,31-12-12,Burundi,REGION,AFR,Africa
MALARIA_IPTP3_COVERAGE,COUNTRY,BDI,YEAR,2011,0.0,0.0,2022-03-02T14:06:57Z,2011,01-01-11,31-12-11,Burundi,REGION,AFR,Africa
MALARIA_IPTP3_COVERAGE,COUNTRY,BDI,YEAR,2010,0.0,0.0,2022-03-02T14:06:57Z,2010,01-01-10,31-12-10,Burundi,REGION,AFR,Africa
MALARIA_IPTP3_COVERAGE,COUNTRY,BEN,YEAR,2020,32.6,0.32578,2022-03-02T14:06:57Z,2020,01-01-20,31-12-20,Benin,REGION,AFR,Africa
MALARIA_IPTP3_COVERAGE,COUNTRY,BEN,YEAR,2019,34.0,0.33973000000000003,2022-03-02T14:06:57Z,2019,01-01-19,31-12-19,Benin,REGION,AFR,Africa
MALARIA_IPTP3_COVERAGE,COUNTRY,BEN,YEAR,2018,27.3,0.27319,2022-03-02T14:06:57Z,2018,01-01-18,31-12-18,Benin,REGION,AFR,Africa
MALARIA_IPTP3_COVERAGE,COUNTRY,BEN,YEAR,2017,11.3,0.11275999999999999,2022-03-02T14:06:57Z,2017,01-01-17,31-12-17,Benin,REGION,AFR,Africa
MALARIA_IPTP3_COVERAGE,COUNTRY,BEN,YEAR,2016,0.0,0.0,2022-03-02T14:06:57Z,2016,01-01-16,31-12-16,Benin,REGION,AFR,Africa
MALARIA_IPTP3_COVERAGE,COUNTRY,BEN,YEAR,2015,0.0,0.0,2022-03-02T14:06:57Z,2015,01-01-15,31-12-15,Benin,REGION,AFR,Africa
MALARIA_IPTP3_COVERAGE,COUNTRY,BEN,YEAR,2014,0.0,0.0,2022-03-02T14:06:57Z,2014,01-01-14,31-12-14,Benin,REGION,AFR,Africa
MALARIA_IPTP3_COVERAGE,COUNTRY,BEN,YEAR,2013,0.0,0.0,2022-03-02T14:06:57Z,2013,01-01-13,31-12-13,Benin,REGION,AFR,Africa
MALARIA_IPTP3_COVERAGE,COUNTRY,BEN,YEAR,2012,0.0,0.0,2022-03-02T14:06:57Z,2012,01-01-12,31-12-12,Benin,REGION,AFR,Africa
MALARIA_IPTP3_COVERAGE,COUNTRY,BEN,YEAR,2011,0.0,0.0,2022-03-02T14:06:57Z,2011,01-01-11,31-12-11,Benin,REGION,AFR,Africa
MALARIA_IPTP3_COVERAGE,COUNTRY,BEN,YEAR,2010,0.0,0.0,2022-03-02T14:06:57Z,2010,01-01-10,31-12-10,Benin,REGION,AFR,Africa
MALARIA_IPTP3_COVERAGE,COUNTRY,BFA,YEAR,2020,52.4,0.5242600000000001,2022-03-02T14:06:57Z,2020,01-01-20,31-12-20,Burkina Faso,REGION,AFR,Africa
MALARIA_IPTP3_COVERAGE,COUNTRY,BFA,YEAR,2019,58.8,0.58806,2022-03-02T14:06:57Z,2019,01-01-19,31-12-19,Burkina Faso,REGION,AFR,Africa
MALARIA_IPTP3_COVERAGE,COUNTRY,BFA,YEAR,2018,58.0,0.5799,2022-03-02T14:06:57Z,2018,01-01-18,31-12-18,Burkina Faso,REGION,AFR,Africa
MALARIA_IPTP3_COVERAGE,COUNTRY,BFA,YEAR,2017,41.4,0.41428999999999994,2022-03-02T14:06:57Z,2017,01-01-17,31-12-17,Burkina Faso,REGION,AFR,Africa
MALARIA_IPTP3_COVERAGE,COUNTRY,BFA,YEAR,2016,51.0,0.50989,2022-03-02T14:06:57Z,2016,01-01-16,31-12-16,Burkina Faso,REGION,AFR,Africa
MALARIA_IPTP3_COVERAGE,COUNTRY,BFA,YEAR,2015,38.5,0.38482,2022-03-02T14:06:57Z,2015,01-01-15,31-12-15,Burkina Faso,REGION,AFR,Africa
MALARIA_IPTP3_COVERAGE,COUNTRY,BFA,YEAR,2014,14.8,0.14841,2022-03-02T14:06:57Z,2014,01-01-14,31-12-14,Burkina Faso,REGION,AFR,Africa
MALARIA_IPTP3_COVERAGE,COUNTRY,BFA,YEAR,2013,0.0,0.0,2022-03-02T14:06:57Z,2013,01-01-13,31-12-13,Burkina Faso,REGION,AFR,Africa
MALARIA_IPTP3_COVERAGE,COUNTRY,BFA,YEAR,2012,0.0,0.0,2022-03-02T14:06:57Z,2012,01-01-12,31-12-12,Burkina Faso,REGION,AFR,Africa
MALARIA_IPTP3_COVERAGE,COUNTRY,BFA,YEAR,2011,0.0,0.0,2022-03-02T14:06:57Z,2011,01-01-11,31-12-11,Burkina Faso,REGION,AFR,Africa
MALARIA_IPTP3_COVERAGE,COUNTRY,BFA,YEAR,2010,0.0,0.0,2022-03-02T14:06:57Z,2010,01-01-10,31-12-10,Burkina Faso,REGION,AFR,Africa
MALARIA_IPTP3_COVERAGE,COUNTRY,CAF,YEAR,2020,36.7,0.36655,2022-03-02T14:06:57Z,2020,01-01-20,31-12-20,Central African Republic,REGION,AFR,Africa
MALARIA_IPTP3_COVERAGE,COUNTRY,CAF,YEAR,2019,36.8,0.3679,2022-03-02T14:06:57Z,2019,01-01-19,31-12-19,Central African Republic,REGION,AFR,Africa
MALARIA_IPTP3_COVERAGE,COUNTRY,CAF,YEAR,2018,29.7,0.29705,2022-03-02T14:06:57Z,2018,01-01-18,31-12-18,Central African Republic,REGION,AFR,Africa
MALARIA_IPTP3_COVERAGE,COUNTRY,CAF,YEAR,2017,15.6,0.15582000000000001,2022-03-02T14:06:57Z,2017,01-01-17,31-12-17,Central African Republic,REGION,AFR,Africa
MALARIA_IPTP3_COVERAGE,COUNTRY,CAF,YEAR,2016,20.8,0.20839000000000002,2022-03-02T14:06:57Z,2016,01-01-16,31-12-16,Central African Republic,REGION,AFR,Africa
MALARIA_IPTP3_COVERAGE,COUNTRY,CAF,YEAR,2015,13.5,0.13487000000000002,2022-03-02T14:06:57Z,2015,01-01-15,31-12-15,Central African Republic,REGION,AFR,Africa
MALARIA_IPTP3_COVERAGE,COUNTRY,CAF,YEAR,2014,0.0,0.0,2022-03-02T14:06:57Z,2014,01-01-14,31-12-14,Central African Republic,REGION,AFR,Africa
MALARIA_IPTP3_COVERAGE,COUNTRY,CAF,YEAR,2013,0.0,0.0,2022-03-02T14:06:57Z,2013,01-01-13,31-12-13,Central African Republic,REGION,AFR,Africa
MALARIA_IPTP3_COVERAGE,COUNTRY,CAF,YEAR,2012,0.0,0.0,2022-03-02T14:06:57Z,2012,01-01-12,31-12-12,Central African Republic,REGION,AFR,Africa
MALARIA_IPTP3_COVERAGE,COUNTRY,CAF,YEAR,2011,0.0,0.0,2022-03-02T14:06:57Z,2011,01-01-11,31-12-11,Central African Republic,REGION,AFR,Africa
MALARIA_IPTP3_COVERAGE,COUNTRY,CAF,YEAR,2010,0.0,0.0,2022-03-02T14:06:57Z,2010,01-01-10,31-12-10,Central African Republic,REGION,AFR,Africa
MALARIA_IPTP3_COVERAGE,COUNTRY,CIV,YEAR,2020,39.0,0.38995,2022-03-02T14:06:57Z,2020,01-01-20,31-12-20,Côte d'Ivoire,REGION,AFR,Africa
MALARIA_IPTP3_COVERAGE,COUNTRY,CIV,YEAR,2019,41.5,0.41458999999999996,2022-03-02T14:06:57Z,2019,01-01-19,31-12-19,Côte d'Ivoire,REGION,AFR,Africa
MALARIA_IPTP3_COVERAGE,COUNTRY,CIV,YEAR,2018,38.1,0.38108000000000003,2022-03-02T14:06:57Z,2018,01-01-18,31-12-18,Côte d'Ivoire,REGION,AFR,Africa
MALARIA_IPTP3_COVERAGE,COUNTRY,CIV,YEAR,2017,32.7,0.32739,2022-03-02T14:06:57Z,2017,01-01-17,31-12-17,Côte d'Ivoire,REGION,AFR,Africa
MALARIA_IPTP3_COVERAGE,COUNTRY,CIV,YEAR,2016,29.7,0.29714,2022-03-02T14:06:57Z,2016,01-01-16,31-12-16,Côte d'Ivoire,REGION,AFR,Africa
MALARIA_IPTP3_COVERAGE,COUNTRY,CIV,YEAR,2015,10.4,0.10405,2022-03-02T14:06:57Z,2015,01-01-15,31-12-15,Côte d'Ivoire,REGION,AFR,Africa
MALARIA_IPTP3_COVERAGE,COUNTRY,CIV,YEAR,2014,19.1,0.19059,2022-03-02T14:06:57Z,2014,01-01-14,31-12-14,Côte d'Ivoire,REGION,AFR,Africa
MALARIA_IPTP3_COVERAGE,COUNTRY,CIV,YEAR,2013,9.3,0.09327,2022-03-02T14:06:57Z,2013,01-01-13,31-12-13,Côte d'Ivoire,REGION,AFR,Africa
MALARIA_IPTP3_COVERAGE,COUNTRY,CIV,YEAR,2012,0.0,0.0,2022-03-02T14:06:57Z,2012,01-01-12,31-12-12,Côte d'Ivoire,REGION,AFR,Africa
MALARIA_IPTP3_COVERAGE,COUNTRY,CIV,YEAR,2011,0.0,0.0,2022-03-02T14:06:57Z,2011,01-01-11,31-12-11,Côte d'Ivoire,REGION,AFR,Africa
MALARIA_IPTP3_COVERAGE,COUNTRY,CIV,YEAR,2010,0.0,0.0,2022-03-02T14:06:57Z,2010,01-01-10,31-12-10,Côte d'Ivoire,REGION,AFR,Africa
MALARIA_IPTP3_COVERAGE,COUNTRY,CMR,YEAR,2020,24.7,0.24695999999999999,2022-03-02T14:06:58Z,2020,01-01-20,31-12-20,Cameroon,REGION,AFR,Africa
MALARIA_IPTP3_COVERAGE,COUNTRY,CMR,YEAR,2019,32.0,0.31995,2022-03-02T14:06:58Z,2019,01-01-19,31-12-19,Cameroon,REGION,AFR,Africa
MALARIA_IPTP3_COVERAGE,COUNTRY,CMR,YEAR,2018,26.0,0.26032,2022-03-02T14:06:58Z,2018,01-01-18,31-12-18,Cameroon,REGION,AFR,Africa
MALARIA_IPTP3_COVERAGE,COUNTRY,CMR,YEAR,2017,23.5,0.23535,2022-03-02T14:06:58Z,2017,01-01-17,31-12-17,Cameroon,REGION,AFR,Africa
MALARIA_IPTP3_COVERAGE,COUNTRY,CMR,YEAR,2016,19.3,0.19322,2022-03-02T14:06:58Z,2016,01-01-16,31-12-16,Cameroon,REGION,AFR,Africa
MALARIA_IPTP3_COVERAGE,COUNTRY,CMR,YEAR,2015,17.7,0.17703,2022-03-02T14:06:58Z,2015,01-01-15,31-12-15,Cameroon,REGION,AFR,Africa
MALARIA_IPTP3_COVERAGE,COUNTRY,CMR,YEAR,2014,15.1,0.1509,2022-03-02T14:06:58Z,2014,01-01-14,31-12-14,Cameroon,REGION,AFR,Africa
MALARIA_IPTP3_COVERAGE,COUNTRY,CMR,YEAR,2013,15.6,0.15641,2022-03-02T14:06:58Z,2013,01-01-13,31-12-13,Cameroon,REGION,AFR,Africa
MALARIA_IPTP3_COVERAGE,COUNTRY,CMR,YEAR,2012,14.5,0.14464000000000002,2022-03-02T14:06:58Z,2012,01-01-12,31-12-12,Cameroon,REGION,AFR,Africa
MALARIA_IPTP3_COVERAGE,COUNTRY,CMR,YEAR,2011,0.0,0.0,2022-03-02T14:06:58Z,2011,01-01-11,31-12-11,Cameroon,REGION,AFR,Africa
MALARIA_IPTP3_COVERAGE,COUNTRY,CMR,YEAR,2010,0.0,0.0,2022-03-02T14:06:58Z,2010,01-01-10,31-12-10,Cameroon,REGION,AFR,Africa
MALARIA_IPTP3_COVERAGE,COUNTRY,COD,YEAR,2020,59.9,0.59946,2022-03-02T14:06:58Z,2020,01-01-20,31-12-20,Democratic Republic of the Congo,REGION,AFR,Africa
MALARIA_IPTP3_COVERAGE,COUNTRY,COD,YEAR,2019,59.1,0.59139,2022-03-02T14:06:58Z,2019,01-01-19,31-12-19,Democratic Republic of the Congo,REGION,AFR,Africa
MALARIA_IPTP3_COVERAGE,COUNTRY,COD,YEAR,2018,50.2,0.50248,2022-03-02T14:06:58Z,2018,01-01-18,31-12-18,Democratic Republic of the Congo,REGION,AFR,Africa
MALARIA_IPTP3_COVERAGE,COUNTRY,COD,YEAR,2017,40.7,0.40678000000000003,2022-03-02T14:06:58Z,2017,01-01-17,31-12-17,Democratic Republic of the Congo,REGION,AFR,Africa
MALARIA_IPTP3_COVERAGE,COUNTRY,COD,YEAR,2016,29.6,0.29639,2022-03-02T14:06:58Z,2016,01-01-16,31-12-16,Democratic Republic of the Congo,REGION,AFR,Africa
MALARIA_IPTP3_COVERAGE,COUNTRY,COD,YEAR,2015,10.3,0.1033,2022-03-02T14:06:58Z,2015,01-01-15,31-12-15,Democratic Republic of the Congo,REGION,AFR,Africa
MALARIA_IPTP3_COVERAGE,COUNTRY,COD,YEAR,2014,0.02,0.00018,2022-03-02T14:06:58Z,2014,01-01-14,31-12-14,Democratic Republic of the Congo,REGION,AFR,Africa
MALARIA_IPTP3_COVERAGE,COUNTRY,COD,YEAR,2013,0.0,0.0,2022-03-02T14:06:58Z,2013,01-01-13,31-12-13,Democratic Republic of the Congo,REGION,AFR,Africa
MALARIA_IPTP3_COVERAGE,COUNTRY,COD,YEAR,2012,0.0,0.0,2022-03-02T14:06:58Z,2012,01-01-12,31-12-12,Democratic Republic of the Congo,REGION,AFR,Africa
MALARIA_IPTP3_COVERAGE,COUNTRY,COD,YEAR,2011,0.0,0.0,2022-03-02T14:06:58Z,2011,01-01-11,31-12-11,Democratic Republic of the Congo,REGION,AFR,Africa
MALARIA_IPTP3_COVERAGE,COUNTRY,COD,YEAR,2010,0.0,0.0,2022-03-02T14:06:58Z,2010,01-01-10,31-12-10,Democratic Republic of the Congo,REGION,AFR,Africa
MALARIA_IPTP3_COVERAGE,COUNTRY,COG,YEAR,2020,3.3,0.0326,2022-03-02T14:06:58Z,2020,01-01-20,31-12-20,Congo,REGION,AFR,Africa
MALARIA_IPTP3_COVERAGE,COUNTRY,COG,YEAR,2019,7.2,0.07166,2022-03-02T14:06:58Z,2019,01-01-19,31-12-19,Congo,REGION,AFR,Africa
MALARIA_IPTP3_COVERAGE,COUNTRY,COG,YEAR,2018,7.6,0.07627,2022-03-02T14:06:58Z,2018,01-01-18,31-12-18,Congo,REGION,AFR,Africa
MALARIA_IPTP3_COVERAGE,COUNTRY,COG,YEAR,2017,5.3,0.052779999999999994,2022-03-02T14:06:58Z,2017,01-01-17,31-12-17,Congo,REGION,AFR,Africa
MALARIA_IPTP3_COVERAGE,COUNTRY,COG,YEAR,2016,2.7,0.02708,2022-03-02T14:06:58Z,2016,01-01-16,31-12-16,Congo,REGION,AFR,Africa
MALARIA_IPTP3_COVERAGE,COUNTRY,COG,YEAR,2015,4.5,0.04457,2022-03-02T14:06:58Z,2015,01-01-15,31-12-15,Congo,REGION,AFR,Africa
MALARIA_IPTP3_COVERAGE,COUNTRY,COG,YEAR,2014,3.4,0.03436,2022-03-02T14:06:58Z,2014,01-01-14,31-12-14,Congo,REGION,AFR,Africa
MALARIA_IPTP3_COVERAGE,COUNTRY,COG,YEAR,2013,0.0,0.0,2022-03-02T14:06:58Z,2013,01-01-13,31-12-13,Congo,REGION,AFR,Africa
MALARIA_IPTP3_COVERAGE,COUNTRY,COG,YEAR,2012,0.0,0.0,2022-03-02T14:06:58Z,2012,01-01-12,31-12-12,Congo,REGION,AFR,Africa
MALARIA_IPTP3_COVERAGE,COUNTRY,COG,YEAR,2011,0.0,0.0,2022-03-02T14:06:58Z,2011,01-01-11,31-12-11,Congo,REGION,AFR,Africa
MALARIA_IPTP3_COVERAGE,COUNTRY,COG,YEAR,2010,0.0,0.0,2022-03-02T14:06:58Z,2010,01-01-10,31-12-10,Congo,REGION,AFR,Africa
MALARIA_IPTP3_COVERAGE,COUNTRY,GAB,YEAR,2020,15.4,0.15402000000000002,2022-03-02T14:06:58Z,2020,01-01-20,31-12-20,Gabon,REGION,AFR,Africa
MALARIA_IPTP3_COVERAGE,COUNTRY,GAB,YEAR,2019,24.0,0.24031,2022-03-02T14:06:58Z,2019,01-01-19,31-12-19,Gabon,REGION,AFR,Africa
MALARIA_IPTP3_COVERAGE,COUNTRY,GAB,YEAR,2018,33.2,0.33181,2022-03-02T14:06:58Z,2018,01-01-18,31-12-18,Gabon,REGION,AFR,Africa
MALARIA_IPTP3_COVERAGE,COUNTRY,GAB,YEAR,2017,8.4,0.08401,2022-03-02T14:06:58Z,2017,01-01-17,31-12-17,Gabon,REGION,AFR,Africa
MALARIA_IPTP3_COVERAGE,COUNTRY,GAB,YEAR,2016,9.0,0.09027,2022-03-02T14:06:58Z,2016,01-01-16,31-12-16,Gabon,REGION,AFR,Africa
MALARIA_IPTP3_COVERAGE,COUNTRY,GAB,YEAR,2015,7.2,0.07217,2022-03-02T14:06:58Z,2015,01-01-15,31-12-15,Gabon,REGION,AFR,Africa
MALARIA_IPTP3_COVERAGE,COUNTRY,GAB,YEAR,2014,9.1,0.09132,2022-03-02T14:06:58Z,2014,01-01-14,31-12-14,Gabon,REGION,AFR,Africa
MALARIA_IPTP3_COVERAGE,COUNTRY,GAB,YEAR,2013,6.1,0.06145,2022-03-02T14:06:58Z,2013,01-01-13,31-12-13,Gabon,REGION,AFR,Africa
MALARIA_IPTP3_COVERAGE,COUNTRY,GAB,YEAR,2012,3.0,0.0301,2022-03-02T14:06:58Z,2012,01-01-12,31-12-12,Gabon,REGION,AFR,Africa
MALARIA_IPTP3_COVERAGE,COUNTRY,GAB,YEAR,2011,0.0,0.0,2022-03-02T14:06:58Z,2011,01-01-11,31-12-11,Gabon,REGION,AFR,Africa
MALARIA_IPTP3_COVERAGE,COUNTRY,GAB,YEAR,2010,1.0,0.010190000000000001,2022-03-02T14:06:58Z,2010,01-01-10,31-12-10,Gabon,REGION,AFR,Africa
MALARIA_IPTP3_COVERAGE,COUNTRY,GHA,YEAR,2020,40.1,0.40053,2022-03-02T14:06:58Z,2020,01-01-20,31-12-20,Ghana,REGION,AFR,Africa
MALARIA_IPTP3_COVERAGE,COUNTRY,GHA,YEAR,2019,47.8,0.47848999999999997,2022-03-02T14:06:58Z,2019,01-01-19,31-12-19,Ghana,REGION,AFR,Africa
MALARIA_IPTP3_COVERAGE,COUNTRY,GHA,YEAR,2018,46.6,0.46578,2022-03-02T14:06:58Z,2018,01-01-18,31-12-18,Ghana,REGION,AFR,Africa
MALARIA_IPTP3_COVERAGE,COUNTRY,GHA,YEAR,2017,43.6,0.43558,2022-03-02T14:06:58Z,2017,01-01-17,31-12-17,Ghana,REGION,AFR,Africa
MALARIA_IPTP3_COVERAGE,COUNTRY,GHA,YEAR,2016,37.9,0.37939,2022-03-02T14:06:58Z,2016,01-01-16,31-12-16,Ghana,REGION,AFR,Africa
MALARIA_IPTP3_COVERAGE,COUNTRY,GHA,YEAR,2015,42.6,0.4262,2022-03-02T14:06:58Z,2015,01-01-15,31-12-15,Ghana,REGION,AFR,Africa
MALARIA_IPTP3_COVERAGE,COUNTRY,GHA,YEAR,2014,26.0,0.26034,2022-03-02T14:06:58Z,2014,01-01-14,31-12-14,Ghana,REGION,AFR,Africa
MALARIA_IPTP3_COVERAGE,COUNTRY,GHA,YEAR,2013,40.1,0.40091,2022-03-02T14:06:58Z,2013,01-01-13,31-12-13,Ghana,REGION,AFR,Africa
MALARIA_IPTP3_COVERAGE,COUNTRY,GHA,YEAR,2012,45.5,0.45508000000000004,2022-03-02T14:06:58Z,2012,01-01-12,31-12-12,Ghana,REGION,AFR,Africa
MALARIA_IPTP3_COVERAGE,COUNTRY,GHA,YEAR,2011,0.0,0.0,2022-03-02T14:06:58Z,2011,01-01-11,31-12-11,Ghana,REGION,AFR,Africa
MALARIA_IPTP3_COVERAGE,COUNTRY,GHA,YEAR,2010,0.0,0.0,2022-03-02T14:06:58Z,2010,01-01-10,31-12-10,Ghana,REGION,AFR,Africa
MALARIA_IPTP3_COVERAGE,COUNTRY,GIN,YEAR,2020,72.8,0.72783,2022-03-02T14:06:58Z,2020,01-01-20,31-12-20,Guinea,REGION,AFR,Africa
MALARIA_IPTP3_COVERAGE,COUNTRY,GIN,YEAR,2019,73.3,0.73324,2022-03-02T14:06:58Z,2019,01-01-19,31-12-19,Guinea,REGION,AFR,Africa
MALARIA_IPTP3_COVERAGE,COUNTRY,GIN,YEAR,2018,68.5,0.6846399999999999,2022-03-02T14:06:58Z,2018,01-01-18,31-12-18,Guinea,REGION,AFR,Africa
MALARIA_IPTP3_COVERAGE,COUNTRY,GIN,YEAR,2017,29.5,0.29491,2022-03-02T14:06:58Z,2017,01-01-17,31-12-17,Guinea,REGION,AFR,Africa
MALARIA_IPTP3_COVERAGE,COUNTRY,GIN,YEAR,2016,0.0,0.0,2022-03-02T14:06:58Z,2016,01-01-16,31-12-16,Guinea,REGION,AFR,Africa
MALARIA_IPTP3_COVERAGE,COUNTRY,GIN,YEAR,2015,0.0,0.0,2022-03-02T14:06:58Z,2015,01-01-15,31-12-15,Guinea,REGION,AFR,Africa
MALARIA_IPTP3_COVERAGE,COUNTRY,GIN,YEAR,2014,0.0,0.0,2022-03-02T14:06:58Z,2014,01-01-14,31-12-14,Guinea,REGION,AFR,Africa
MALARIA_IPTP3_COVERAGE,COUNTRY,GIN,YEAR,2013,0.0,0.0,2022-03-02T14:06:58Z,2013,01-01-13,31-12-13,Guinea,REGION,AFR,Africa
MALARIA_IPTP3_COVERAGE,COUNTRY,GIN,YEAR,2012,0.0,0.0,2022-03-02T14:06:58Z,2012,01-01-12,31-12-12,Guinea,REGION,AFR,Africa
MALARIA_IPTP3_COVERAGE,COUNTRY,GIN,YEAR,2011,0.0,0.0,2022-03-02T14:06:58Z,2011,01-01-11,31-12-11,Guinea,REGION,AFR,Africa
MALARIA_IPTP3_COVERAGE,COUNTRY,GIN,YEAR,2010,0.0,0.0,2022-03-02T14:06:58Z,2010,01-01-10,31-12-10,Guinea,REGION,AFR,Africa
MALARIA_IPTP3_COVERAGE,COUNTRY,GMB,YEAR,2020,33.2,0.33209,2022-03-02T14:06:58Z,2020,01-01-20,31-12-20,Gambia,REGION,AFR,Africa
MALARIA_IPTP3_COVERAGE,COUNTRY,GMB,YEAR,2019,46.6,0.46623000000000003,2022-03-02T14:06:58Z,2019,01-01-19,31-12-19,Gambia,REGION,AFR,Africa
MALARIA_IPTP3_COVERAGE,COUNTRY,GMB,YEAR,2018,46.5,0.46518999999999994,2022-03-02T14:06:58Z,2018,01-01-18,31-12-18,Gambia,REGION,AFR,Africa
MALARIA_IPTP3_COVERAGE,COUNTRY,GMB,YEAR,2017,21.3,0.21329,2022-03-02T14:06:58Z,2017,01-01-17,31-12-17,Gambia,REGION,AFR,Africa
MALARIA_IPTP3_COVERAGE,COUNTRY,GMB,YEAR,2016,6.5,0.06492,2022-03-02T14:06:58Z,2016,01-01-16,31-12-16,Gambia,REGION,AFR,Africa
MALARIA_IPTP3_COVERAGE,COUNTRY,GMB,YEAR,2015,0.0,0.0,2022-03-02T14:06:58Z,2015,01-01-15,31-12-15,Gambia,REGION,AFR,Africa
MALARIA_IPTP3_COVERAGE,COUNTRY,GMB,YEAR,2014,0.0,0.0,2022-03-02T14:06:58Z,2014,01-01-14,31-12-14,Gambia,REGION,AFR,Africa
MALARIA_IPTP3_COVERAGE,COUNTRY,GMB,YEAR,2013,0.0,0.0,2022-03-02T14:06:58Z,2013,01-01-13,31-12-13,Gambia,REGION,AFR,Africa
MALARIA_IPTP3_COVERAGE,COUNTRY,GMB,YEAR,2012,0.0,0.0,2022-03-02T14:06:58Z,2012,01-01-12,31-12-12,Gambia,REGION,AFR,Africa
MALARIA_IPTP3_COVERAGE,COUNTRY,GMB,YEAR,2011,0.0,0.0,2022-03-02T14:06:58Z,2011,01-01-11,31-12-11,Gambia,REGION,AFR,Africa
MALARIA_IPTP3_COVERAGE,COUNTRY,GMB,YEAR,2010,0.0,0.0,2022-03-02T14:06:58Z,2010,01-01-10,31-12-10,Gambia,REGION,AFR,Africa
MALARIA_IPTP3_COVERAGE,COUNTRY,GNB,YEAR,2020,33.8,0.33821999999999997,2022-03-02T14:06:58Z,2020,01-01-20,31-12-20,Guinea-Bissau,REGION,AFR,Africa
MALARIA_IPTP3_COVERAGE,COUNTRY,GNB,YEAR,2019,39.8,0.3979,2022-03-02T14:06:58Z,2019,01-01-19,31-12-19,Guinea-Bissau,REGION,AFR,Africa
MALARIA_IPTP3_COVERAGE,COUNTRY,GNB,YEAR,2018,29.1,0.29085,2022-03-02T14:06:58Z,2018,01-01-18,31-12-18,Guinea-Bissau,REGION,AFR,Africa
MALARIA_IPTP3_COVERAGE,COUNTRY,GNB,YEAR,2017,17.5,0.17486,2022-03-02T14:06:58Z,2017,01-01-17,31-12-17,Guinea-Bissau,REGION,AFR,Africa
MALARIA_IPTP3_COVERAGE,COUNTRY,GNB,YEAR,2016,6.4,0.06405,2022-03-02T14:06:58Z,2016,01-01-16,31-12-16,Guinea-Bissau,REGION,AFR,Africa
MALARIA_IPTP3_COVERAGE,COUNTRY,GNB,YEAR,2015,0.0,0.0,2022-03-02T14:06:58Z,2015,01-01-15,31-12-15,Guinea-Bissau,REGION,AFR,Africa
MALARIA_IPTP3_COVERAGE,COUNTRY,GNB,YEAR,2014,0.0,0.0,2022-03-02T14:06:58Z,2014,01-01-14,31-12-14,Guinea-Bissau,REGION,AFR,Africa
MALARIA_IPTP3_COVERAGE,COUNTRY,GNB,YEAR,2013,0.0,0.0,2022-03-02T14:06:58Z,2013,01-01-13,31-12-13,Guinea-Bissau,REGION,AFR,Africa
MALARIA_IPTP3_COVERAGE,COUNTRY,GNB,YEAR,2012,0.0,0.0,2022-03-02T14:06:58Z,2012,01-01-12,31-12-12,Guinea-Bissau,REGION,AFR,Africa
MALARIA_IPTP3_COVERAGE,COUNTRY,GNB,YEAR,2011,0.0,0.0,2022-03-02T14:06:58Z,2011,01-01-11,31-12-11,Guinea-Bissau,REGION,AFR,Africa
MALARIA_IPTP3_COVERAGE,COUNTRY,GNB,YEAR,2010,0.0,0.0,2022-03-02T14:06:58Z,2010,01-01-10,31-12-10,Guinea-Bissau,REGION,AFR,Africa
MALARIA_IPTP3_COVERAGE,COUNTRY,GNQ,YEAR,2020,3.6,0.035910000000000004,2022-03-02T14:06:58Z,2020,01-01-20,31-12-20,Equatorial Guinea,REGION,AFR,Africa
MALARIA_IPTP3_COVERAGE,COUNTRY,GNQ,YEAR,2019,4.2,0.04224,2022-03-02T14:06:58Z,2019,01-01-19,31-12-19,Equatorial Guinea,REGION,AFR,Africa
MALARIA_IPTP3_COVERAGE,COUNTRY,GNQ,YEAR,2018,3.9,0.03903,2022-03-02T14:06:59Z,2018,01-01-18,31-12-18,Equatorial Guinea,REGION,AFR,Africa
MALARIA_IPTP3_COVERAGE,COUNTRY,GNQ,YEAR,2017,3.2,0.03167,2022-03-02T14:06:59Z,2017,01-01-17,31-12-17,Equatorial Guinea,REGION,AFR,Africa
MALARIA_IPTP3_COVERAGE,COUNTRY,GNQ,YEAR,2016,3.5,0.03488,2022-03-02T14:06:59Z,2016,01-01-16,31-12-16,Equatorial Guinea,REGION,AFR,Africa
MALARIA_IPTP3_COVERAGE,COUNTRY,GNQ,YEAR,2015,2.7,0.02692,2022-03-02T14:06:59Z,2015,01-01-15,31-12-15,Equatorial Guinea,REGION,AFR,Africa
MALARIA_IPTP3_COVERAGE,COUNTRY,GNQ,YEAR,2014,2.3,0.022680000000000002,2022-03-02T14:06:59Z,2014,01-01-14,31-12-14,Equatorial Guinea,REGION,AFR,Africa
MALARIA_IPTP3_COVERAGE,COUNTRY,GNQ,YEAR,2013,1.7,0.017269999999999997,2022-03-02T14:06:59Z,2013,01-01-13,31-12-13,Equatorial Guinea,REGION,AFR,Africa
MALARIA_IPTP3_COVERAGE,COUNTRY,GNQ,YEAR,2012,0.0,0.0,2022-03-02T14:06:59Z,2012,01-01-12,31-12-12,Equatorial Guinea,REGION,AFR,Africa
MALARIA_IPTP3_COVERAGE,COUNTRY,GNQ,YEAR,2011,0.0,0.0,2022-03-02T14:06:59Z,2011,01-01-11,31-12-11,Equatorial Guinea,REGION,AFR,Africa
MALARIA_IPTP3_COVERAGE,COUNTRY,GNQ,YEAR,2010,0.0,0.0,2022-03-02T14:06:59Z,2010,01-01-10,31-12-10,Equatorial Guinea,REGION,AFR,Africa
MALARIA_IPTP3_COVERAGE,COUNTRY,KEN,YEAR,2020,26.5,0.26509,2022-03-02T14:06:59Z,2020,01-01-20,31-12-20,Kenya,REGION,AFR,Africa
MALARIA_IPTP3_COVERAGE,COUNTRY,KEN,YEAR,2019,28.6,0.28645,2022-03-02T14:06:59Z,2019,01-01-19,31-12-19,Kenya,REGION,AFR,Africa
MALARIA_IPTP3_COVERAGE,COUNTRY,KEN,YEAR,2018,26.1,0.26104,2022-03-02T14:06:59Z,2018,01-01-18,31-12-18,Kenya,REGION,AFR,Africa
MALARIA_IPTP3_COVERAGE,COUNTRY,KEN,YEAR,2017,23.6,0.23561999999999997,2022-03-02T14:06:59Z,2017,01-01-17,31-12-17,Kenya,REGION,AFR,Africa
MALARIA_IPTP3_COVERAGE,COUNTRY,KEN,YEAR,2016,21.0,0.21020999999999998,2022-03-02T14:06:59Z,2016,01-01-16,31-12-16,Kenya,REGION,AFR,Africa
MALARIA_IPTP3_COVERAGE,COUNTRY,KEN,YEAR,2015,23.0,0.2299,2022-03-02T14:06:59Z,2015,01-01-15,31-12-15,Kenya,REGION,AFR,Africa
MALARIA_IPTP3_COVERAGE,COUNTRY,KEN,YEAR,2014,10.3,0.10300000000000001,2022-03-02T14:06:59Z,2014,01-01-14,31-12-14,Kenya,REGION,AFR,Africa
MALARIA_IPTP3_COVERAGE,COUNTRY,KEN,YEAR,2013,13.4,0.13397,2022-03-02T14:06:59Z,2013,01-01-13,31-12-13,Kenya,REGION,AFR,Africa
MALARIA_IPTP3_COVERAGE,COUNTRY,KEN,YEAR,2012,10.9,0.10855,2022-03-02T14:06:59Z,2012,01-01-12,31-12-12,Kenya,REGION,AFR,Africa
MALARIA_IPTP3_COVERAGE,COUNTRY,KEN,YEAR,2011,8.3,0.08313999999999999,2022-03-02T14:06:59Z,2011,01-01-11,31-12-11,Kenya,REGION,AFR,Africa
MALARIA_IPTP3_COVERAGE,COUNTRY,KEN,YEAR,2010,6.9,0.069,2022-03-02T14:06:59Z,2010,01-01-10,31-12-10,Kenya,REGION,AFR,Africa
MALARIA_IPTP3_COVERAGE,COUNTRY,LBR,YEAR,2020,39.0,0.38974000000000003,2022-03-02T14:06:59Z,2020,01-01-20,31-12-20,Liberia,REGION,AFR,Africa
MALARIA_IPTP3_COVERAGE,COUNTRY,LBR,YEAR,2019,41.0,0.41025,2022-03-02T14:06:59Z,2019,01-01-19,31-12-19,Liberia,REGION,AFR,Africa
MALARIA_IPTP3_COVERAGE,COUNTRY,LBR,YEAR,2018,41.1,0.41147,2022-03-02T14:06:59Z,2018,01-01-18,31-12-18,Liberia,REGION,AFR,Africa
MALARIA_IPTP3_COVERAGE,COUNTRY,LBR,YEAR,2017,4.5,0.04535,2022-03-02T14:06:59Z,2017,01-01-17,31-12-17,Liberia,REGION,AFR,Africa
MALARIA_IPTP3_COVERAGE,COUNTRY,LBR,YEAR,2016,0.0,0.0,2022-03-02T14:06:59Z,2016,01-01-16,31-12-16,Liberia,REGION,AFR,Africa
MALARIA_IPTP3_COVERAGE,COUNTRY,LBR,YEAR,2015,0.0,0.0,2022-03-02T14:06:59Z,2015,01-01-15,31-12-15,Liberia,REGION,AFR,Africa
MALARIA_IPTP3_COVERAGE,COUNTRY,LBR,YEAR,2014,0.0,0.0,2022-03-02T14:06:59Z,2014,01-01-14,31-12-14,Liberia,REGION,AFR,Africa
MALARIA_IPTP3_COVERAGE,COUNTRY,LBR,YEAR,2013,0.0,0.0,2022-03-02T14:06:59Z,2013,01-01-13,31-12-13,Liberia,REGION,AFR,Africa
MALARIA_IPTP3_COVERAGE,COUNTRY,LBR,YEAR,2012,0.0,0.0,2022-03-02T14:06:59Z,2012,01-01-12,31-12-12,Liberia,REGION,AFR,Africa
MALARIA_IPTP3_COVERAGE,COUNTRY,LBR,YEAR,2011,0.0,0.0,2022-03-02T14:06:59Z,2011,01-01-11,31-12-11,Liberia,REGION,AFR,Africa
MALARIA_IPTP3_COVERAGE,COUNTRY,LBR,YEAR,2010,0.0,0.0,2022-03-02T14:06:59Z,2010,01-01-10,31-12-10,Liberia,REGION,AFR,Africa
MALARIA_IPTP3_COVERAGE,COUNTRY,MDG,YEAR,2020,32.7,0.32678,2022-03-02T14:06:59Z,2020,01-01-20,31-12-20,Madagascar,REGION,AFR,Africa
MALARIA_IPTP3_COVERAGE,COUNTRY,MDG,YEAR,2019,26.9,0.2689,2022-03-02T14:06:59Z,2019,01-01-19,31-12-19,Madagascar,REGION,AFR,Africa
MALARIA_IPTP3_COVERAGE,COUNTRY,MDG,YEAR,2018,21.1,0.21061,2022-03-02T14:06:59Z,2018,01-01-18,31-12-18,Madagascar,REGION,AFR,Africa
MALARIA_IPTP3_COVERAGE,COUNTRY,MDG,YEAR,2017,10.7,0.1069,2022-03-02T14:06:59Z,2017,01-01-17,31-12-17,Madagascar,REGION,AFR,Africa
MALARIA_IPTP3_COVERAGE,COUNTRY,MDG,YEAR,2016,15.4,0.15392,2022-03-02T14:06:59Z,2016,01-01-16,31-12-16,Madagascar,REGION,AFR,Africa
MALARIA_IPTP3_COVERAGE,COUNTRY,MDG,YEAR,2015,7.5,0.07468999999999999,2022-03-02T14:06:59Z,2015,01-01-15,31-12-15,Madagascar,REGION,AFR,Africa
MALARIA_IPTP3_COVERAGE,COUNTRY,MDG,YEAR,2014,0.0,0.0,2022-03-02T14:06:59Z,2014,01-01-14,31-12-14,Madagascar,REGION,AFR,Africa
MALARIA_IPTP3_COVERAGE,COUNTRY,MDG,YEAR,2013,0.0,0.0,2022-03-02T14:06:59Z,2013,01-01-13,31-12-13,Madagascar,REGION,AFR,Africa
MALARIA_IPTP3_COVERAGE,COUNTRY,MDG,YEAR,2012,0.0,0.0,2022-03-02T14:06:59Z,2012,01-01-12,31-12-12,Madagascar,REGION,AFR,Africa
MALARIA_IPTP3_COVERAGE,COUNTRY,MDG,YEAR,2011,0.0,0.0,2022-03-02T14:06:59Z,2011,01-01-11,31-12-11,Madagascar,REGION,AFR,Africa
MALARIA_IPTP3_COVERAGE,COUNTRY,MDG,YEAR,2010,0.0,0.0,2022-03-02T14:06:59Z,2010,01-01-10,31-12-10,Madagascar,REGION,AFR,Africa
MALARIA_IPTP3_COVERAGE,COUNTRY,MLI,YEAR,2020,32.3,0.32291,2022-03-02T14:06:59Z,2020,01-01-20,31-12-20,Mali,REGION,AFR,Africa
MALARIA_IPTP3_COVERAGE,COUNTRY,MLI,YEAR,2019,39.7,0.39705,2022-03-02T14:06:59Z,2019,01-01-19,31-12-19,Mali,REGION,AFR,Africa
MALARIA_IPTP3_COVERAGE,COUNTRY,MLI,YEAR,2018,40.1,0.40062,2022-03-02T14:06:59Z,2018,01-01-18,31-12-18,Mali,REGION,AFR,Africa
MALARIA_IPTP3_COVERAGE,COUNTRY,MLI,YEAR,2017,23.3,0.23310999999999998,2022-03-02T14:06:59Z,2017,01-01-17,31-12-17,Mali,REGION,AFR,Africa
MALARIA_IPTP3_COVERAGE,COUNTRY,MLI,YEAR,2016,27.4,0.27379000000000003,2022-03-02T14:06:59Z,2016,01-01-16,31-12-16,Mali,REGION,AFR,Africa
MALARIA_IPTP3_COVERAGE,COUNTRY,MLI,YEAR,2015,16.1,0.16121,2022-03-02T14:06:59Z,2015,01-01-15,31-12-15,Mali,REGION,AFR,Africa
MALARIA_IPTP3_COVERAGE,COUNTRY,MLI,YEAR,2014,0.0,0.0,2022-03-02T14:06:59Z,2014,01-01-14,31-12-14,Mali,REGION,AFR,Africa
MALARIA_IPTP3_COVERAGE,COUNTRY,MLI,YEAR,2013,0.0,0.0,2022-03-02T14:06:59Z,2013,01-01-13,31-12-13,Mali,REGION,AFR,Africa
MALARIA_IPTP3_COVERAGE,COUNTRY,MLI,YEAR,2012,0.0,0.0,2022-03-02T14:06:59Z,2012,01-01-12,31-12-12,Mali,REGION,AFR,Africa
MALARIA_IPTP3_COVERAGE,COUNTRY,MLI,YEAR,2011,0.0,0.0,2022-03-02T14:06:59Z,2011,01-01-11,31-12-11,Mali,REGION,AFR,Africa
MALARIA_IPTP3_COVERAGE,COUNTRY,MLI,YEAR,2010,0.0,0.0,2022-03-02T14:06:59Z,2010,01-01-10,31-12-10,Mali,REGION,AFR,Africa
MALARIA_IPTP3_COVERAGE,COUNTRY,MOZ,YEAR,2020,47.1,0.47126,2022-03-02T14:06:59Z,2020,01-01-20,31-12-20,Mozambique,REGION,AFR,Africa
MALARIA_IPTP3_COVERAGE,COUNTRY,MOZ,YEAR,2019,45.2,0.4517,2022-03-02T14:06:59Z,2019,01-01-19,31-12-19,Mozambique,REGION,AFR,Africa
MALARIA_IPTP3_COVERAGE,COUNTRY,MOZ,YEAR,2018,40.6,0.406,2022-03-02T14:06:59Z,2018,01-01-18,31-12-18,Mozambique,REGION,AFR,Africa
MALARIA_IPTP3_COVERAGE,COUNTRY,MOZ,YEAR,2017,36.3,0.36296999999999996,2022-03-02T14:06:59Z,2017,01-01-17,31-12-17,Mozambique,REGION,AFR,Africa
MALARIA_IPTP3_COVERAGE,COUNTRY,MOZ,YEAR,2016,31.9,0.31861,2022-03-02T14:06:59Z,2016,01-01-16,31-12-16,Mozambique,REGION,AFR,Africa
MALARIA_IPTP3_COVERAGE,COUNTRY,MOZ,YEAR,2015,23.3,0.233,2022-03-02T14:06:59Z,2015,01-01-15,31-12-15,Mozambique,REGION,AFR,Africa
MALARIA_IPTP3_COVERAGE,COUNTRY,MOZ,YEAR,2014,23.0,0.22988000000000003,2022-03-02T14:06:59Z,2014,01-01-14,31-12-14,Mozambique,REGION,AFR,Africa
MALARIA_IPTP3_COVERAGE,COUNTRY,MOZ,YEAR,2013,18.6,0.18550999999999998,2022-03-02T14:06:59Z,2013,01-01-13,31-12-13,Mozambique,REGION,AFR,Africa
MALARIA_IPTP3_COVERAGE,COUNTRY,MOZ,YEAR,2012,14.1,0.14115,2022-03-02T14:06:59Z,2012,01-01-12,31-12-12,Mozambique,REGION,AFR,Africa
MALARIA_IPTP3_COVERAGE,COUNTRY,MOZ,YEAR,2011,9.5,0.095,2022-03-02T14:06:59Z,2011,01-01-11,31-12-11,Mozambique,REGION,AFR,Africa
MALARIA_IPTP3_COVERAGE,COUNTRY,MOZ,YEAR,2010,5.2,0.05242,2022-03-02T14:06:59Z,2010,01-01-10,31-12-10,Mozambique,REGION,AFR,Africa
MALARIA_IPTP3_COVERAGE,COUNTRY,MRT,YEAR,2020,0.0,0.0,2022-03-02T14:06:59Z,2020,01-01-20,31-12-20,Mauritania,REGION,AFR,Africa
MALARIA_IPTP3_COVERAGE,COUNTRY,MRT,YEAR,2019,0.0,0.0,2022-03-02T14:06:59Z,2019,01-01-19,31-12-19,Mauritania,REGION,AFR,Africa
MALARIA_IPTP3_COVERAGE,COUNTRY,MRT,YEAR,2018,0.0,0.0,2022-03-02T14:06:59Z,2018,01-01-18,31-12-18,Mauritania,REGION,AFR,Africa
MALARIA_IPTP3_COVERAGE,COUNTRY,MRT,YEAR,2017,0.0,0.0,2022-03-02T14:06:59Z,2017,01-01-17,31-12-17,Mauritania,REGION,AFR,Africa
MALARIA_IPTP3_COVERAGE,COUNTRY,MRT,YEAR,2016,0.0,0.0,2022-03-02T14:06:59Z,2016,01-01-16,31-12-16,Mauritania,REGION,AFR,Africa
MALARIA_IPTP3_COVERAGE,COUNTRY,MRT,YEAR,2015,0.0,0.0,2022-03-02T14:06:59Z,2015,01-01-15,31-12-15,Mauritania,REGION,AFR,Africa
MALARIA_IPTP3_COVERAGE,COUNTRY,MRT,YEAR,2014,0.0,0.0,2022-03-02T14:06:59Z,2014,01-01-14,31-12-14,Mauritania,REGION,AFR,Africa
MALARIA_IPTP3_COVERAGE,COUNTRY,MRT,YEAR,2013,0.0,0.0,2022-03-02T14:06:59Z,2013,01-01-13,31-12-13,Mauritania,REGION,AFR,Africa
MALARIA_IPTP3_COVERAGE,COUNTRY,MRT,YEAR,2012,0.0,0.0,2022-03-02T14:06:59Z,2012,01-01-12,31-12-12,Mauritania,REGION,AFR,Africa
MALARIA_IPTP3_COVERAGE,COUNTRY,MRT,YEAR,2011,0.0,0.0,2022-03-02T14:06:59Z,2011,01-01-11,31-12-11,Mauritania,REGION,AFR,Africa
MALARIA_IPTP3_COVERAGE,COUNTRY,MRT,YEAR,2010,0.0,0.0,2022-03-02T14:06:59Z,2010,01-01-10,31-12-10,Mauritania,REGION,AFR,Africa
MALARIA_IPTP3_COVERAGE,COUNTRY,MWI,YEAR,2020,36.2,0.36218,2022-03-02T14:06:59Z,2020,01-01-20,31-12-20,Malawi,REGION,AFR,Africa
MALARIA_IPTP3_COVERAGE,COUNTRY,MWI,YEAR,2019,40.2,0.40184000000000003,2022-03-02T14:06:59Z,2019,01-01-19,31-12-19,Malawi,REGION,AFR,Africa
MALARIA_IPTP3_COVERAGE,COUNTRY,MWI,YEAR,2018,36.9,0.36874,2022-03-02T14:06:59Z,2018,01-01-18,31-12-18,Malawi,REGION,AFR,Africa
MALARIA_IPTP3_COVERAGE,COUNTRY,MWI,YEAR,2017,41.1,0.41100000000000003,2022-03-02T14:06:59Z,2017,01-01-17,31-12-17,Malawi,REGION,AFR,Africa
MALARIA_IPTP3_COVERAGE,COUNTRY,MWI,YEAR,2016,30.3,0.30253,2022-03-02T14:06:59Z,2016,01-01-16,31-12-16,Malawi,REGION,AFR,Africa
MALARIA_IPTP3_COVERAGE,COUNTRY,MWI,YEAR,2015,26.9,0.26943,2022-03-02T14:06:59Z,2015,01-01-15,31-12-15,Malawi,REGION,AFR,Africa
MALARIA_IPTP3_COVERAGE,COUNTRY,MWI,YEAR,2014,12.6,0.126,2022-03-02T14:06:59Z,2014,01-01-14,31-12-14,Malawi,REGION,AFR,Africa
MALARIA_IPTP3_COVERAGE,COUNTRY,MWI,YEAR,2013,20.3,0.20322,2022-03-02T14:06:59Z,2013,01-01-13,31-12-13,Malawi,REGION,AFR,Africa
MALARIA_IPTP3_COVERAGE,COUNTRY,MWI,YEAR,2012,12.7,0.127,2022-03-02T14:06:59Z,2012,01-01-12,31-12-12,Malawi,REGION,AFR,Africa
MALARIA_IPTP3_COVERAGE,COUNTRY,MWI,YEAR,2011,13.7,0.13702,2022-03-02T14:06:59Z,2011,01-01-11,31-12-11,Malawi,REGION,AFR,Africa
MALARIA_IPTP3_COVERAGE,COUNTRY,MWI,YEAR,2010,18.2,0.182,2022-03-02T14:06:59Z,2010,01-01-10,31-12-10,Malawi,REGION,AFR,Africa
MALARIA_IPTP3_COVERAGE,COUNTRY,NER,YEAR,2020,33.9,0.33937,2022-03-02T14:06:59Z,2020,01-01-20,31-12-20,Niger,REGION,AFR,Africa
MALARIA_IPTP3_COVERAGE,COUNTRY,NER,YEAR,2019,39.9,0.39926,2022-03-02T14:06:59Z,2019,01-01-19,31-12-19,Niger,REGION,AFR,Africa
MALARIA_IPTP3_COVERAGE,COUNTRY,NER,YEAR,2018,36.4,0.36356,2022-03-02T14:06:59Z,2018,01-01-18,31-12-18,Niger,REGION,AFR,Africa
MALARIA_IPTP3_COVERAGE,COUNTRY,NER,YEAR,2017,26.1,0.26085,2022-03-02T14:07:00Z,2017,01-01-17,31-12-17,Niger,REGION,AFR,Africa
MALARIA_IPTP3_COVERAGE,COUNTRY,NER,YEAR,2016,14.9,0.14942,2022-03-02T14:07:00Z,2016,01-01-16,31-12-16,Niger,REGION,AFR,Africa
MALARIA_IPTP3_COVERAGE,COUNTRY,NER,YEAR,2015,50.2,0.5015,2022-03-02T14:07:00Z,2015,01-01-15,31-12-15,Niger,REGION,AFR,Africa
MALARIA_IPTP3_COVERAGE,COUNTRY,NER,YEAR,2014,9.9,0.09866,2022-03-02T14:07:00Z,2014,01-01-14,31-12-14,Niger,REGION,AFR,Africa
MALARIA_IPTP3_COVERAGE,COUNTRY,NER,YEAR,2013,0.0,0.0,2022-03-02T14:07:00Z,2013,01-01-13,31-12-13,Niger,REGION,AFR,Africa
MALARIA_IPTP3_COVERAGE,COUNTRY,NER,YEAR,2012,0.0,0.0,2022-03-02T14:07:00Z,2012,01-01-12,31-12-12,Niger,REGION,AFR,Africa
MALARIA_IPTP3_COVERAGE,COUNTRY,NER,YEAR,2011,0.0,0.0,2022-03-02T14:07:00Z,2011,01-01-11,31-12-11,Niger,REGION,AFR,Africa
MALARIA_IPTP3_COVERAGE,COUNTRY,NER,YEAR,2010,0.0,0.0,2022-03-02T14:07:00Z,2010,01-01-10,31-12-10,Niger,REGION,AFR,Africa
MALARIA_IPTP3_COVERAGE,COUNTRY,NGA,YEAR,2020,20.0,0.19962,2022-03-02T14:07:00Z,2020,01-01-20,31-12-20,Nigeria,REGION,AFR,Africa
MALARIA_IPTP3_COVERAGE,COUNTRY,NGA,YEAR,2019,16.6,0.166,2022-03-02T14:07:00Z,2019,01-01-19,31-12-19,Nigeria,REGION,AFR,Africa
MALARIA_IPTP3_COVERAGE,COUNTRY,NGA,YEAR,2018,18.1,0.18120999999999998,2022-03-02T14:07:00Z,2018,01-01-18,31-12-18,Nigeria,REGION,AFR,Africa
MALARIA_IPTP3_COVERAGE,COUNTRY,NGA,YEAR,2017,16.7,0.16675,2022-03-02T14:07:00Z,2017,01-01-17,31-12-17,Nigeria,REGION,AFR,Africa
MALARIA_IPTP3_COVERAGE,COUNTRY,NGA,YEAR,2016,15.2,0.1523,2022-03-02T14:07:00Z,2016,01-01-16,31-12-16,Nigeria,REGION,AFR,Africa
MALARIA_IPTP3_COVERAGE,COUNTRY,NGA,YEAR,2015,21.4,0.214,2022-03-02T14:07:00Z,2015,01-01-15,31-12-15,Nigeria,REGION,AFR,Africa
MALARIA_IPTP3_COVERAGE,COUNTRY,NGA,YEAR,2014,12.3,0.12339000000000001,2022-03-02T14:07:00Z,2014,01-01-14,31-12-14,Nigeria,REGION,AFR,Africa
MALARIA_IPTP3_COVERAGE,COUNTRY,NGA,YEAR,2013,7.1,0.071,2022-03-02T14:07:00Z,2013,01-01-13,31-12-13,Nigeria,REGION,AFR,Africa
MALARIA_IPTP3_COVERAGE,COUNTRY,NGA,YEAR,2012,9.4,0.09447,2022-03-02T14:07:00Z,2012,01-01-12,31-12-12,Nigeria,REGION,AFR,Africa
MALARIA_IPTP3_COVERAGE,COUNTRY,NGA,YEAR,2011,8.0,0.08002000000000001,2022-03-02T14:07:00Z,2011,01-01-11,31-12-11,Nigeria,REGION,AFR,Africa
MALARIA_IPTP3_COVERAGE,COUNTRY,NGA,YEAR,2010,5.7,0.057,2022-03-02T14:07:00Z,2010,01-01-10,31-12-10,Nigeria,REGION,AFR,Africa
MALARIA_IPTP3_COVERAGE,COUNTRY,SEN,YEAR,2020,48.3,0.48348,2022-03-02T14:07:00Z,2020,01-01-20,31-12-20,Senegal,REGION,AFR,Africa
MALARIA_IPTP3_COVERAGE,COUNTRY,SEN,YEAR,2019,49.6,0.49603,2022-03-02T14:07:00Z,2019,01-01-19,31-12-19,Senegal,REGION,AFR,Africa
MALARIA_IPTP3_COVERAGE,COUNTRY,SEN,YEAR,2018,39.7,0.39668000000000003,2022-03-02T14:07:00Z,2018,01-01-18,31-12-18,Senegal,REGION,AFR,Africa
MALARIA_IPTP3_COVERAGE,COUNTRY,SEN,YEAR,2017,40.9,0.40851,2022-03-02T14:07:00Z,2017,01-01-17,31-12-17,Senegal,REGION,AFR,Africa
MALARIA_IPTP3_COVERAGE,COUNTRY,SEN,YEAR,2016,40.0,0.40005999999999997,2022-03-02T14:07:00Z,2016,01-01-16,31-12-16,Senegal,REGION,AFR,Africa
MALARIA_IPTP3_COVERAGE,COUNTRY,SEN,YEAR,2015,35.0,0.34958,2022-03-02T14:07:00Z,2015,01-01-15,31-12-15,Senegal,REGION,AFR,Africa
MALARIA_IPTP3_COVERAGE,COUNTRY,SEN,YEAR,2014,20.1,0.20052999999999999,2022-03-02T14:07:00Z,2014,01-01-14,31-12-14,Senegal,REGION,AFR,Africa
MALARIA_IPTP3_COVERAGE,COUNTRY,SEN,YEAR,2013,0.11,0.00107,2022-03-02T14:07:00Z,2013,01-01-13,31-12-13,Senegal,REGION,AFR,Africa
MALARIA_IPTP3_COVERAGE,COUNTRY,SEN,YEAR,2012,0.18,0.0018399999999999998,2022-03-02T14:07:00Z,2012,01-01-12,31-12-12,Senegal,REGION,AFR,Africa
MALARIA_IPTP3_COVERAGE,COUNTRY,SEN,YEAR,2011,0.16,0.00155,2022-03-02T14:07:00Z,2011,01-01-11,31-12-11,Senegal,REGION,AFR,Africa
MALARIA_IPTP3_COVERAGE,COUNTRY,SEN,YEAR,2010,0.08,0.00075,2022-03-02T14:07:00Z,2010,01-01-10,31-12-10,Senegal,REGION,AFR,Africa
MALARIA_IPTP3_COVERAGE,COUNTRY,SLE,YEAR,2020,59.1,0.59058,2022-03-02T14:07:00Z,2020,01-01-20,31-12-20,Sierra Leone,REGION,AFR,Africa
MALARIA_IPTP3_COVERAGE,COUNTRY,SLE,YEAR,2019,63.3,0.63318,2022-03-02T14:07:00Z,2019,01-01-19,31-12-19,Sierra Leone,REGION,AFR,Africa
MALARIA_IPTP3_COVERAGE,COUNTRY,SLE,YEAR,2018,46.1,0.46103999999999995,2022-03-02T14:07:00Z,2018,01-01-18,31-12-18,Sierra Leone,REGION,AFR,Africa
MALARIA_IPTP3_COVERAGE,COUNTRY,SLE,YEAR,2017,10.6,0.10564000000000001,2022-03-02T14:07:00Z,2017,01-01-17,31-12-17,Sierra Leone,REGION,AFR,Africa
MALARIA_IPTP3_COVERAGE,COUNTRY,SLE,YEAR,2016,4.6,0.04601,2022-03-02T14:07:00Z,2016,01-01-16,31-12-16,Sierra Leone,REGION,AFR,Africa
MALARIA_IPTP3_COVERAGE,COUNTRY,SLE,YEAR,2015,0.0,0.0,2022-03-02T14:07:00Z,2015,01-01-15,31-12-15,Sierra Leone,REGION,AFR,Africa
MALARIA_IPTP3_COVERAGE,COUNTRY,SLE,YEAR,2014,0.0,0.0,2022-03-02T14:07:00Z,2014,01-01-14,31-12-14,Sierra Leone,REGION,AFR,Africa
MALARIA_IPTP3_COVERAGE,COUNTRY,SLE,YEAR,2013,0.0,0.0,2022-03-02T14:07:00Z,2013,01-01-13,31-12-13,Sierra Leone,REGION,AFR,Africa
MALARIA_IPTP3_COVERAGE,COUNTRY,SLE,YEAR,2012,0.0,0.0,2022-03-02T14:07:00Z,2012,01-01-12,31-12-12,Sierra Leone,REGION,AFR,Africa
MALARIA_IPTP3_COVERAGE,COUNTRY,SLE,YEAR,2011,0.0,0.0,2022-03-02T14:07:00Z,2011,01-01-11,31-12-11,Sierra Leone,REGION,AFR,Africa
MALARIA_IPTP3_COVERAGE,COUNTRY,SLE,YEAR,2010,0.0,0.0,2022-03-02T14:07:00Z,2010,01-01-10,31-12-10,Sierra Leone,REGION,AFR,Africa
MALARIA_IPTP3_COVERAGE,COUNTRY,SSD,YEAR,2020,0.0,0.0,2022-03-02T14:07:00Z,2020,01-01-20,31-12-20,South Sudan,REGION,AFR,Africa
MALARIA_IPTP3_COVERAGE,COUNTRY,SSD,YEAR,2019,0.0,0.0,2022-03-02T14:07:00Z,2019,01-01-19,31-12-19,South Sudan,REGION,AFR,Africa
MALARIA_IPTP3_COVERAGE,COUNTRY,SSD,YEAR,2018,0.0,0.0,2022-03-02T14:07:00Z,2018,01-01-18,31-12-18,South Sudan,REGION,AFR,Africa
MALARIA_IPTP3_COVERAGE,COUNTRY,SSD,YEAR,2017,0.0,0.0,2022-03-02T14:07:00Z,2017,01-01-17,31-12-17,South Sudan,REGION,AFR,Africa
MALARIA_IPTP3_COVERAGE,COUNTRY,SSD,YEAR,2016,0.0,0.0,2022-03-02T14:07:00Z,2016,01-01-16,31-12-16,South Sudan,REGION,AFR,Africa
MALARIA_IPTP3_COVERAGE,COUNTRY,SSD,YEAR,2015,0.0,0.0,2022-03-02T14:07:00Z,2015,01-01-15,31-12-15,South Sudan,REGION,AFR,Africa
MALARIA_IPTP3_COVERAGE,COUNTRY,SSD,YEAR,2014,0.0,0.0,2022-03-02T14:07:00Z,2014,01-01-14,31-12-14,South Sudan,REGION,AFR,Africa
MALARIA_IPTP3_COVERAGE,COUNTRY,SSD,YEAR,2013,0.0,0.0,2022-03-02T14:07:00Z,2013,01-01-13,31-12-13,South Sudan,REGION,AFR,Africa
MALARIA_IPTP3_COVERAGE,COUNTRY,SSD,YEAR,2012,0.0,0.0,2022-03-02T14:07:00Z,2012,01-01-12,31-12-12,South Sudan,REGION,AFR,Africa
MALARIA_IPTP3_COVERAGE,COUNTRY,SSD,YEAR,2011,0.0,0.0,2022-03-02T14:07:00Z,2011,01-01-11,31-12-11,South Sudan,REGION,AFR,Africa
MALARIA_IPTP3_COVERAGE,COUNTRY,SSD,YEAR,2010,0.0,0.0,2022-03-02T14:07:00Z,2010,01-01-10,31-12-10,South Sudan,REGION,AFR,Africa
MALARIA_IPTP3_COVERAGE,COUNTRY,TCD,YEAR,2020,25.6,0.25609,2022-03-02T14:07:00Z,2020,01-01-20,31-12-20,Chad,REGION,AFR,Africa
MALARIA_IPTP3_COVERAGE,COUNTRY,TCD,YEAR,2019,29.9,0.29856,2022-03-02T14:07:00Z,2019,01-01-19,31-12-19,Chad,REGION,AFR,Africa
MALARIA_IPTP3_COVERAGE,COUNTRY,TCD,YEAR,2018,24.6,0.24644000000000002,2022-03-02T14:07:00Z,2018,01-01-18,31-12-18,Chad,REGION,AFR,Africa
MALARIA_IPTP3_COVERAGE,COUNTRY,TCD,YEAR,2017,21.1,0.21061,2022-03-02T14:07:00Z,2017,01-01-17,31-12-17,Chad,REGION,AFR,Africa
MALARIA_IPTP3_COVERAGE,COUNTRY,TCD,YEAR,2016,16.5,0.16473,2022-03-02T14:07:00Z,2016,01-01-16,31-12-16,Chad,REGION,AFR,Africa
MALARIA_IPTP3_COVERAGE,COUNTRY,TCD,YEAR,2015,15.6,0.15606,2022-03-02T14:07:00Z,2015,01-01-15,31-12-15,Chad,REGION,AFR,Africa
MALARIA_IPTP3_COVERAGE,COUNTRY,TCD,YEAR,2014,0.0,0.0,2022-03-02T14:07:01Z,2014,01-01-14,31-12-14,Chad,REGION,AFR,Africa
MALARIA_IPTP3_COVERAGE,COUNTRY,TCD,YEAR,2013,0.0,0.0,2022-03-02T14:07:01Z,2013,01-01-13,31-12-13,Chad,REGION,AFR,Africa
MALARIA_IPTP3_COVERAGE,COUNTRY,TCD,YEAR,2012,0.0,0.0,2022-03-02T14:07:01Z,2012,01-01-12,31-12-12,Chad,REGION,AFR,Africa
MALARIA_IPTP3_COVERAGE,COUNTRY,TCD,YEAR,2011,0.0,0.0,2022-03-02T14:07:01Z,2011,01-01-11,31-12-11,Chad,REGION,AFR,Africa
MALARIA_IPTP3_COVERAGE,COUNTRY,TCD,YEAR,2010,0.0,0.0,2022-03-02T14:07:01Z,2010,01-01-10,31-12-10,Chad,REGION,AFR,Africa
MALARIA_IPTP3_COVERAGE,COUNTRY,TGO,YEAR,2020,32.1,0.32101,2022-03-02T14:07:01Z,2020,01-01-20,31-12-20,Togo,REGION,AFR,Africa
MALARIA_IPTP3_COVERAGE,COUNTRY,TGO,YEAR,2019,37.8,0.37766,2022-03-02T14:07:01Z,2019,01-01-19,31-12-19,Togo,REGION,AFR,Africa
MALARIA_IPTP3_COVERAGE,COUNTRY,TGO,YEAR,2018,34.8,0.34761,2022-03-02T14:07:01Z,2018,01-01-18,31-12-18,Togo,REGION,AFR,Africa
MALARIA_IPTP3_COVERAGE,COUNTRY,TGO,YEAR,2017,25.3,0.25282,2022-03-02T14:07:01Z,2017,01-01-17,31-12-17,Togo,REGION,AFR,Africa
MALARIA_IPTP3_COVERAGE,COUNTRY,TGO,YEAR,2016,29.8,0.29812,2022-03-02T14:07:01Z,2016,01-01-16,31-12-16,Togo,REGION,AFR,Africa
MALARIA_IPTP3_COVERAGE,COUNTRY,TGO,YEAR,2015,21.1,0.21129,2022-03-02T14:07:01Z,2015,01-01-15,31-12-15,Togo,REGION,AFR,Africa
MALARIA_IPTP3_COVERAGE,COUNTRY,TGO,YEAR,2014,21.4,0.21369000000000002,2022-03-02T14:07:01Z,2014,01-01-14,31-12-14,Togo,REGION,AFR,Africa
MALARIA_IPTP3_COVERAGE,COUNTRY,TGO,YEAR,2013,0.46,0.00458,2022-03-02T14:07:01Z,2013,01-01-13,31-12-13,Togo,REGION,AFR,Africa
MALARIA_IPTP3_COVERAGE,COUNTRY,TGO,YEAR,2012,0.35,0.00349,2022-03-02T14:07:01Z,2012,01-01-12,31-12-12,Togo,REGION,AFR,Africa
MALARIA_IPTP3_COVERAGE,COUNTRY,TGO,YEAR,2011,0.0,0.0,2022-03-02T14:07:01Z,2011,01-01-11,31-12-11,Togo,REGION,AFR,Africa
MALARIA_IPTP3_COVERAGE,COUNTRY,TGO,YEAR,2010,0.0,0.0,2022-03-02T14:07:01Z,2010,01-01-10,31-12-10,Togo,REGION,AFR,Africa
MALARIA_IPTP3_COVERAGE,COUNTRY,TZA,YEAR,2020,17.7,0.17725,2022-03-02T14:07:01Z,2020,01-01-20,31-12-20,United Republic of Tanzania,REGION,AFR,Africa
MALARIA_IPTP3_COVERAGE,COUNTRY,TZA,YEAR,2019,18.7,0.18658,2022-03-02T14:07:01Z,2019,01-01-19,31-12-19,United Republic of Tanzania,REGION,AFR,Africa
MALARIA_IPTP3_COVERAGE,COUNTRY,TZA,YEAR,2018,18.2,0.18231,2022-03-02T14:07:01Z,2018,01-01-18,31-12-18,United Republic of Tanzania,REGION,AFR,Africa
MALARIA_IPTP3_COVERAGE,COUNTRY,TZA,YEAR,2017,25.8,0.258,2022-03-02T14:07:01Z,2017,01-01-17,31-12-17,United Republic of Tanzania,REGION,AFR,Africa
MALARIA_IPTP3_COVERAGE,COUNTRY,TZA,YEAR,2016,17.4,0.17376,2022-03-02T14:07:01Z,2016,01-01-16,31-12-16,United Republic of Tanzania,REGION,AFR,Africa
MALARIA_IPTP3_COVERAGE,COUNTRY,TZA,YEAR,2015,8.0,0.08,2022-03-02T14:07:01Z,2015,01-01-15,31-12-15,United Republic of Tanzania,REGION,AFR,Africa
MALARIA_IPTP3_COVERAGE,COUNTRY,TZA,YEAR,2014,16.5,0.16521,2022-03-02T14:07:01Z,2014,01-01-14,31-12-14,United Republic of Tanzania,REGION,AFR,Africa
MALARIA_IPTP3_COVERAGE,COUNTRY,TZA,YEAR,2013,16.1,0.16093,2022-03-02T14:07:01Z,2013,01-01-13,31-12-13,United Republic of Tanzania,REGION,AFR,Africa
MALARIA_IPTP3_COVERAGE,COUNTRY,TZA,YEAR,2012,15.7,0.15666,2022-03-02T14:07:01Z,2012,01-01-12,31-12-12,United Republic of Tanzania,REGION,AFR,Africa
MALARIA_IPTP3_COVERAGE,COUNTRY,TZA,YEAR,2011,4.0,0.04,2022-03-02T14:07:01Z,2011,01-01-11,31-12-11,United Republic of Tanzania,REGION,AFR,Africa
MALARIA_IPTP3_COVERAGE,COUNTRY,TZA,YEAR,2010,2.7,0.027000000000000003,2022-03-02T14:07:01Z,2010,01-01-10,31-12-10,United Republic of Tanzania,REGION,AFR,Africa
MALARIA_IPTP3_COVERAGE,COUNTRY,UGA,YEAR,2020,51.5,0.51547,2022-03-02T14:07:01Z,2020,01-01-20,31-12-20,Uganda,REGION,AFR,Africa
MALARIA_IPTP3_COVERAGE,COUNTRY,UGA,YEAR,2019,41.2,0.41212,2022-03-02T14:07:01Z,2019,01-01-19,31-12-19,Uganda,REGION,AFR,Africa
MALARIA_IPTP3_COVERAGE,COUNTRY,UGA,YEAR,2018,34.1,0.34054,2022-03-02T14:07:01Z,2018,01-01-18,31-12-18,Uganda,REGION,AFR,Africa
MALARIA_IPTP3_COVERAGE,COUNTRY,UGA,YEAR,2017,30.7,0.30721,2022-03-02T14:07:01Z,2017,01-01-17,31-12-17,Uganda,REGION,AFR,Africa
MALARIA_IPTP3_COVERAGE,COUNTRY,UGA,YEAR,2016,17.2,0.172,2022-03-02T14:07:01Z,2016,01-01-16,31-12-16,Uganda,REGION,AFR,Africa
MALARIA_IPTP3_COVERAGE,COUNTRY,UGA,YEAR,2015,24.1,0.24053000000000002,2022-03-02T14:07:01Z,2015,01-01-15,31-12-15,Uganda,REGION,AFR,Africa
MALARIA_IPTP3_COVERAGE,COUNTRY,UGA,YEAR,2014,27.5,0.275,2022-03-02T14:07:01Z,2014,01-01-14,31-12-14,Uganda,REGION,AFR,Africa
MALARIA_IPTP3_COVERAGE,COUNTRY,UGA,YEAR,2013,17.4,0.17385,2022-03-02T14:07:01Z,2013,01-01-13,31-12-13,Uganda,REGION,AFR,Africa
MALARIA_IPTP3_COVERAGE,COUNTRY,UGA,YEAR,2012,14.1,0.14052,2022-03-02T14:07:01Z,2012,01-01-12,31-12-12,Uganda,REGION,AFR,Africa
MALARIA_IPTP3_COVERAGE,COUNTRY,UGA,YEAR,2011,10.3,0.10300000000000001,2022-03-02T14:07:01Z,2011,01-01-11,31-12-11,Uganda,REGION,AFR,Africa
MALARIA_IPTP3_COVERAGE,COUNTRY,UGA,YEAR,2010,7.4,0.07384,2022-03-02T14:07:01Z,2010,01-01-10,31-12-10,Uganda,REGION,AFR,Africa
MALARIA_IPTP3_COVERAGE,COUNTRY,ZMB,YEAR,2020,37.3,0.3726,2022-03-02T14:07:01Z,2020,01-01-20,31-12-20,Zambia,REGION,AFR,Africa
MALARIA_IPTP3_COVERAGE,COUNTRY,ZMB,YEAR,2019,43.8,0.43792,2022-03-02T14:07:01Z,2019,01-01-19,31-12-19,Zambia,REGION,AFR,Africa
MALARIA_IPTP3_COVERAGE,COUNTRY,ZMB,YEAR,2018,58.5,0.5846,2022-03-02T14:07:01Z,2018,01-01-18,31-12-18,Zambia,REGION,AFR,Africa
MALARIA_IPTP3_COVERAGE,COUNTRY,ZMB,YEAR,2017,54.8,0.5478,2022-03-02T14:07:01Z,2017,01-01-17,31-12-17,Zambia,REGION,AFR,Africa
MALARIA_IPTP3_COVERAGE,COUNTRY,ZMB,YEAR,2016,55.5,0.5548,2022-03-02T14:07:01Z,2016,01-01-16,31-12-16,Zambia,REGION,AFR,Africa
MALARIA_IPTP3_COVERAGE,COUNTRY,ZMB,YEAR,2015,54.1,0.541,2022-03-02T14:07:01Z,2015,01-01-15,31-12-15,Zambia,REGION,AFR,Africa
MALARIA_IPTP3_COVERAGE,COUNTRY,ZMB,YEAR,2014,49.9,0.49928,2022-03-02T14:07:01Z,2014,01-01-14,31-12-14,Zambia,REGION,AFR,Africa
MALARIA_IPTP3_COVERAGE,COUNTRY,ZMB,YEAR,2013,47.2,0.47208,2022-03-02T14:07:01Z,2013,01-01-13,31-12-13,Zambia,REGION,AFR,Africa
MALARIA_IPTP3_COVERAGE,COUNTRY,ZMB,YEAR,2012,44.8,0.44843999999999995,2022-03-02T14:07:01Z,2012,01-01-12,31-12-12,Zambia,REGION,AFR,Africa
MALARIA_IPTP3_COVERAGE,COUNTRY,ZMB,YEAR,2011,0.0,0.0,2022-03-02T14:07:01Z,2011,01-01-11,31-12-11,Zambia,REGION,AFR,Africa
MALARIA_IPTP3_COVERAGE,COUNTRY,ZMB,YEAR,2010,0.0,0.0,2022-03-02T14:07:01Z,2010,01-01-10,31-12-10,Zambia,REGION,AFR,Africa
MALARIA_IPTP3_COVERAGE,COUNTRY,ZWE,YEAR,2020,19.8,0.19769,2022-03-02T14:07:01Z,2020,01-01-20,31-12-20,Zimbabwe,REGION,AFR,Africa
MALARIA_IPTP3_COVERAGE,COUNTRY,ZWE,YEAR,2019,22.0,0.21965,2022-03-02T14:07:01Z,2019,01-01-19,31-12-19,Zimbabwe,REGION,AFR,Africa
MALARIA_IPTP3_COVERAGE,COUNTRY,ZWE,YEAR,2018,20.2,0.20218,2022-03-02T14:07:01Z,2018,01-01-18,31-12-18,Zimbabwe,REGION,AFR,Africa
MALARIA_IPTP3_COVERAGE,COUNTRY,ZWE,YEAR,2017,22.8,0.22758,2022-03-02T14:07:01Z,2017,01-01-17,31-12-17,Zimbabwe,REGION,AFR,Africa
MALARIA_IPTP3_COVERAGE,COUNTRY,ZWE,YEAR,2016,26.1,0.26073,2022-03-02T14:07:01Z,2016,01-01-16,31-12-16,Zimbabwe,REGION,AFR,Africa
MALARIA_IPTP3_COVERAGE,COUNTRY,ZWE,YEAR,2015,22.2,0.22180999999999998,2022-03-02T14:07:01Z,2015,01-01-15,31-12-15,Zimbabwe,REGION,AFR,Africa
MALARIA_IPTP3_COVERAGE,COUNTRY,ZWE,YEAR,2014,30.6,0.30551,2022-03-02T14:07:01Z,2014,01-01-14,31-12-14,Zimbabwe,REGION,AFR,Africa
MALARIA_IPTP3_COVERAGE,COUNTRY,ZWE,YEAR,2013,14.3,0.14295,2022-03-02T14:07:01Z,2013,01-01-13,31-12-13,Zimbabwe,REGION,AFR,Africa
MALARIA_IPTP3_COVERAGE,COUNTRY,ZWE,YEAR,2012,1.8,0.01832,2022-03-02T14:07:01Z,2012,01-01-12,31-12-12,Zimbabwe,REGION,AFR,Africa
MALARIA_IPTP3_COVERAGE,COUNTRY,ZWE,YEAR,2011,0.0,0.0,2022-03-02T14:07:01Z,2011,01-01-11,31-12-11,Zimbabwe,REGION,AFR,Africa
MALARIA_IPTP3_COVERAGE,COUNTRY,ZWE,YEAR,2010,0.0,0.0,2022-03-02T14:07:01Z,2010,01-01-10,31-12-10,Zimbabwe,REGION,AFR,Africa
